url_path,views_total,views_unique
/Inria-NERV/happyFeat/blob/main/Statistical_analysis.py,12,3
/Inria-NERV/happyFeat,10,7
/Inria-NERV/happyFeat/blob/main/Spectral_Analysis.py,10,4
/Inria-NERV/happyFeat/blob/main/bcipipeline_settings.py,9,2
/Inria-NERV/happyFeat/tree/main,8,3
/Inria-NERV/happyFeat/tree/main/toolbox-scenarios,6,1
/Inria-NERV/happyFeat/blob/main/featureExtractUtils.py,5,2
/Inria-NERV/happyFeat/blob/main/docs/index.md,4,2
/Inria-NERV/happyFeat/tree/main/docs,4,2
/Inria-NERV/happyFeat/tree/main/templates-connectivity,4,2
